{
  "stage": 2,
  "timestamp": "2026-03-21T00:22:57.514915",
  "hardware": "Tenstorrent Wormhole B0 (N300)",
  "model": "openai/clip-vit-base-patch32",
  "num_runs": 20,
  "pcc_threshold": 0.98,
  "pt_vision_avg_ms": 55.28172260383144,
  "pt_vision_min_ms": 47.23172704689205,
  "pt_vision_stddev_ms": 14.2143461420071,
  "pt_text_avg_ms": 28.48628433421254,
  "pt_text_min_ms": 16.202076920308173,
  "pt_text_stddev_ms": 32.580011003922486,
  "tt_vision_avg_ms": 6.855028052814305,
  "tt_vision_min_ms": 6.3822380034253,
  "tt_vision_stddev_ms": 1.0109322617821035,
  "tt_text_avg_ms": 4.399323090910912,
  "tt_text_min_ms": 4.1209099581465125,
  "tt_text_stddev_ms": 0.18701229571853925,
  "tt_full_pipeline_ms": 20.5962109612301,
  "vision_compile_ms": 172.66461404506117,
  "vision_cached_ms": 6.660101003944874,
  "text_compile_ms": 98.48855203017592,
  "text_cached_ms": 4.319111933000386,
  "vision_fps": 145.87832351604365,
  "vision_pcc": 0.9956253170967102,
  "text_pcc": 0.9992915987968445,
  "logits_pcc": 0.994353175163269,
  "predicted_text": "a photo of a cat",
  "prediction_correct": true,
  "tt_logits": [
    [
      24.25,
      18.5,
      18.375
    ]
  ],
  "ref_logits": [
    [
      24.570056915283203,
      19.304899215698242,
      18.48160743713379
    ]
  ],
  "tt_probs": [
    [
      0.9921875,
      0.0031585693359375,
      0.0027923583984375
    ]
  ],
  "ref_probs": [
    [
      0.9926174283027649,
      0.005130420438945293,
      0.0022521736100316048
    ]
  ],
  "speedup_vision_vs_cpu": 8.064405014525907,
  "speedup_text_vs_cpu": 6.475151687100628,
  "speedup_vision_vs_stage1": 1.1163858308674246,
  "speedup_text_vs_stage1": 0.9658224212811839,
  "stage1_vision_avg_ms": 7.652856188360602,
  "stage1_text_avg_ms": 4.2489648796617985
}