{
  "stage": 1,
  "timestamp": "2026-03-14T00:26:52.409897",
  "hardware": "Tenstorrent Wormhole B0 (N300)",
  "model": "openai/clip-vit-base-patch32",
  "num_runs": 10,
  "pt_vision_avg_ms": 63.39460110248182,
  "pt_vision_min_ms": 53.94315800367622,
  "pt_text_avg_ms": 21.45154190075118,
  "pt_text_min_ms": 18.40270499815233,
  "tt_vision_avg_ms": 13.159550102136564,
  "tt_vision_min_ms": 10.780477001389954,
  "tt_text_avg_ms": 14.100738300476223,
  "tt_text_min_ms": 9.133745006693061,
  "tt_full_pipeline_ms": 40.836770000169054,
  "vision_compile_ms": 177.85807299515,
  "vision_cached_ms": 8.549379999749362,
  "text_compile_ms": 139.50274600210832,
  "text_cached_ms": 10.891178004385438,
  "vision_fps": 75.99043981280496,
  "vision_pcc": 0.9685552716255188,
  "text_pcc": 0.9895110726356506,
  "logits_pcc": 0.9988426566123962,
  "predicted_text": "a photo of a cat",
  "prediction_correct": true,
  "tt_logits": [
    [
      25.75,
      20.375,
      19.875
    ]
  ],
  "ref_logits": [
    [
      24.570056915283203,
      19.304899215698242,
      18.48160743713379
    ]
  ],
  "tt_probs": [
    [
      0.9921875,
      0.004608154296875,
      0.0027923583984375
    ]
  ],
  "ref_probs": [
    [
      0.9926174283027649,
      0.005130420438945293,
      0.0022521736100316048
    ]
  ],
  "speedup_vision_vs_cpu": 4.817383619534924,
  "speedup_text_vs_cpu": 1.521306292169588
}