{
  "stage": 2,
  "timestamp": "2026-03-19T13:45:25.334482",
  "hardware": "Tenstorrent Wormhole B0 (N300)",
  "model": "openai/clip-vit-base-patch32",
  "num_runs": 10,
  "pcc_threshold": 0.98,
  "pt_vision_avg_ms": 58.4992372081615,
  "pt_vision_min_ms": 47.8325670119375,
  "pt_vision_stddev_ms": 18.31332438769067,
  "pt_text_avg_ms": 18.076736497459933,
  "pt_text_min_ms": 16.08654099982232,
  "pt_text_stddev_ms": 2.239813726749194,
  "tt_vision_avg_ms": 7.6321814907714725,
  "tt_vision_min_ms": 6.302063004113734,
  "tt_vision_stddev_ms": 2.2430075038707193,
  "tt_text_avg_ms": 4.360877588624135,
  "tt_text_min_ms": 4.083520965650678,
  "tt_text_stddev_ms": 0.32623117305744015,
  "tt_full_pipeline_ms": 23.11464201193303,
  "vision_compile_ms": 176.16244999226183,
  "vision_cached_ms": 15.9224679809995,
  "text_compile_ms": 98.35736197419465,
  "text_cached_ms": 4.133160982746631,
  "vision_fps": 131.02413788366536,
  "vision_pcc": 0.9956253170967102,
  "text_pcc": 0.9992915987968445,
  "logits_pcc": 0.994353175163269,
  "predicted_text": "a photo of a cat",
  "prediction_correct": true,
  "tt_logits": [
    [
      24.25,
      18.5,
      18.375
    ]
  ],
  "ref_logits": [
    [
      24.570056915283203,
      19.304899215698242,
      18.48160743713379
    ]
  ],
  "tt_probs": [
    [
      0.9921875,
      0.0031585693359375,
      0.0027923583984375
    ]
  ],
  "ref_probs": [
    [
      0.9926174283027649,
      0.005130420438945293,
      0.0022521736100316048
    ]
  ],
  "speedup_vision_vs_cpu": 7.6648121220514,
  "speedup_text_vs_cpu": 4.145206126540961,
  "speedup_vision_vs_stage1": 1.7963369186925335,
  "speedup_text_vs_stage1": 2.2911767649637813,
  "stage1_vision_avg_ms": 13.709969382034615,
  "stage1_text_avg_ms": 9.9915414059069
}