{
  "stage": 1,
  "timestamp": "2026-03-21T18:22:42.009744",
  "hardware": "Tenstorrent Wormhole B0 (N300)",
  "model": "openai/clip-vit-base-patch32",
  "num_runs": 20,
  "pcc_threshold": 0.99,
  "pt_vision_avg_ms": 50.46679661027156,
  "pt_vision_min_ms": 46.66861402802169,
  "pt_vision_median_ms": 49.11753803025931,
  "pt_vision_stddev_ms": 4.381592039993439,
  "pt_text_avg_ms": 17.44723554002121,
  "pt_text_min_ms": 16.252665896899998,
  "pt_text_median_ms": 17.065371037460864,
  "pt_text_stddev_ms": 1.0916625428609417,
  "tt_vision_avg_ms": 8.060923288576305,
  "tt_vision_min_ms": 7.541170925833285,
  "tt_vision_median_ms": 7.611181994434446,
  "tt_vision_stddev_ms": 1.158163352195809,
  "tt_text_avg_ms": 3.8773136911913753,
  "tt_text_min_ms": 3.6828749580308795,
  "tt_text_median_ms": 3.755530051421374,
  "tt_text_stddev_ms": 0.3718622725337714,
  "tt_full_pipeline_ms": 22.35290000680834,
  "vision_compile_ms": 170.10192293673754,
  "vision_cached_ms": 8.763476042076945,
  "text_compile_ms": 140.6402069842443,
  "text_cached_ms": 4.234800930134952,
  "vision_fps": 124.05526813748116,
  "vision_pcc": 0.9990136027336121,
  "text_pcc": 0.9999327063560486,
  "logits_pcc": 0.9995481967926025,
  "predicted_text": "a photo of a cat",
  "prediction_correct": true,
  "tt_logits": [
    [
      24.375,
      19.0,
      18.375
    ]
  ],
  "ref_logits": [
    [
      24.570056915283203,
      19.304899215698242,
      18.48160743713379
    ]
  ],
  "tt_probs": [
    [
      0.9921875,
      0.004608154296875,
      0.0024566650390625
    ]
  ],
  "ref_probs": [
    [
      0.9926174283027649,
      0.005130420438945293,
      0.0022521736100316048
    ]
  ],
  "speedup_vision_vs_cpu": 6.453339056427204,
  "speedup_text_vs_cpu": 4.544064567131356
}