{
  "stage": 1,
  "timestamp": "2026-03-21T00:23:28.807209",
  "hardware": "Tenstorrent Wormhole B0 (N300)",
  "model": "openai/clip-vit-base-patch32",
  "num_runs": 20,
  "pcc_threshold": 0.99,
  "pt_vision_avg_ms": 53.25726888841018,
  "pt_vision_min_ms": 46.80669098161161,
  "pt_vision_stddev_ms": 9.122906494324434,
  "pt_text_avg_ms": 26.570473500760272,
  "pt_text_min_ms": 15.9836650127545,
  "pt_text_stddev_ms": 39.44890927125146,
  "tt_vision_avg_ms": 12.78071929118596,
  "tt_vision_min_ms": 11.896054958924651,
  "tt_vision_stddev_ms": 1.590547577390475,
  "tt_text_avg_ms": 10.926136100897565,
  "tt_text_min_ms": 7.919825962744653,
  "tt_text_stddev_ms": 1.906875520005261,
  "tt_full_pipeline_ms": 43.078775983303785,
  "vision_compile_ms": 180.17247691750526,
  "vision_cached_ms": 23.787089972756803,
  "text_compile_ms": 141.35345397517085,
  "text_cached_ms": 10.449158027768135,
  "vision_fps": 78.24285763709995,
  "vision_pcc": 0.9990136027336121,
  "text_pcc": 0.9999327063560486,
  "logits_pcc": 0.9995481967926025,
  "predicted_text": "a photo of a cat",
  "prediction_correct": true,
  "tt_logits": [
    [
      24.375,
      19.0,
      18.375
    ]
  ],
  "ref_logits": [
    [
      24.570056915283203,
      19.304899215698242,
      18.48160743713379
    ]
  ],
  "tt_probs": [
    [
      0.9921875,
      0.004608154296875,
      0.0024566650390625
    ]
  ],
  "ref_probs": [
    [
      0.9926174283027649,
      0.005130420438945293,
      0.0022521736100316048
    ]
  ],
  "speedup_vision_vs_cpu": 4.16700090777663,
  "speedup_text_vs_cpu": 2.4318270663475947
}