{
  "stage": 2,
  "timestamp": "2026-03-21T18:23:14.096925",
  "hardware": "Tenstorrent Wormhole B0 (N300)",
  "model": "openai/clip-vit-base-patch32",
  "num_runs": 20,
  "pcc_threshold": 0.98,
  "pt_vision_avg_ms": 52.33878156868741,
  "pt_vision_min_ms": 46.55618208926171,
  "pt_vision_median_ms": 50.339962530415505,
  "pt_vision_stddev_ms": 6.640847020067522,
  "pt_text_avg_ms": 17.452390590915456,
  "pt_text_min_ms": 16.271956963464618,
  "pt_text_median_ms": 16.94464444881305,
  "pt_text_stddev_ms": 1.2451891173739889,
  "tt_vision_avg_ms": 11.281492142006755,
  "tt_vision_min_ms": 6.328586023300886,
  "tt_vision_median_ms": 6.554063991643488,
  "tt_vision_stddev_ms": 12.448227968670128,
  "tt_text_avg_ms": 4.344460484571755,
  "tt_text_min_ms": 3.9570069639012218,
  "tt_text_median_ms": 4.149545507971197,
  "tt_text_stddev_ms": 0.8039515743029227,
  "tt_full_pipeline_ms": 18.977829022333026,
  "vision_compile_ms": 177.8101259842515,
  "vision_cached_ms": 25.29070503078401,
  "text_compile_ms": 110.74989603366703,
  "text_cached_ms": 6.616899976506829,
  "vision_fps": 88.64075668470214,
  "vision_pcc": 0.9956253170967102,
  "text_pcc": 0.9992915987968445,
  "logits_pcc": 0.994353175163269,
  "predicted_text": "a photo of a cat",
  "prediction_correct": true,
  "tt_logits": [
    [
      24.25,
      18.5,
      18.375
    ]
  ],
  "ref_logits": [
    [
      24.570056915283203,
      19.304899215698242,
      18.48160743713379
    ]
  ],
  "tt_probs": [
    [
      0.9921875,
      0.0031585693359375,
      0.0027923583984375
    ]
  ],
  "ref_probs": [
    [
      0.9926174283027649,
      0.005130420438945293,
      0.0022521736100316048
    ]
  ],
  "speedup_vision_vs_cpu": 7.6807249051275015,
  "speedup_text_vs_cpu": 4.08349406369028,
  "speedup_vision_vs_stage1": 1.1612919867945746,
  "speedup_text_vs_stage1": 0.9050461175102364,
  "stage1_vision_avg_ms": 7.611181994434446,
  "stage1_text_avg_ms": 3.755530051421374
}